request_id,amount_safe_to_pay,affordability_status,recommended_payment_method,payment_plan,earliest_date_for_full_payment,spending_changes_needed,decision_explanation
request_26,15640710.94,affordable_with_plan,installments,2025-08-06:1148106.67|2025-09-05:1148106.67|2025-10-05:1148106.67|2025-11-04:1148106.67|2025-12-04:1148106.67|2026-01-03:1148106.67|2026-02-02:1148106.67|2026-03-04:1148106.67|2026-04-03:1148106.67|2026-05-03:1148106.67|2026-06-02:1148106.67|2026-07-02:1148106.67|2026-08-01:1148106.67|2026-08-31:1148106.67|2026-09-30:1148106.67,2025-08-03,none,"Use 15 installments of IDR 1148106.67, starting 03 August 2025. This leaves at least IDR 97400929.99 available."
request_27,6663.49,affordable_with_plan,partial_payment,2026-07-05:6663.49|2026-07-05:6.51,2026-07-05,none,"Pay ZAR 6663.49 today, and the rest later. This protects the ZAR 20500.00 minimum."
request_28,0.0,not_affordable,not_recommended,none,,none,Do not make this payment. None of the available options keeps the EUR 1100.00 minimum protected.
request_29,51473.68,affordable_with_plan,installments,2025-11-04:3778.43|2025-12-04:3778.43|2026-01-03:3778.43|2026-02-02:3778.43|2026-03-04:3778.43|2026-04-03:3778.43|2026-05-03:3778.43|2026-06-02:3778.43|2026-07-02:3778.43|2026-08-01:3778.43|2026-08-31:3778.43|2026-09-30:3778.43|2026-10-30:3778.43|2026-11-29:3778.43|2026-12-29:3778.43,2025-11-04,none,"Use 15 installments of ZAR 3778.43, starting 04 November 2025. This leaves at least ZAR 98426.38 available."
request_30,774.44,affordable_with_plan,installments,2026-04-06:268.74|2026-05-06:268.74|2026-06-05:268.74,2026-04-06,none,"Use 3 installments of USD 268.74, starting 06 April 2026. This leaves at least USD 2946.50 available."
request_31,13835859.38,affordable_with_plan,installments,2024-09-10:1020643.81|2024-10-08:1020643.81|2024-11-05:1020643.81|2024-12-03:1020643.81|2024-12-31:1020643.81|2025-01-28:1020643.81|2025-02-25:1020643.81|2025-03-25:1020643.81|2025-04-22:1020643.81|2025-05-20:1020643.81|2025-06-17:1020643.81|2025-07-15:1020643.81|2025-08-12:1020643.81|2025-09-09:1020643.81|2025-10-07:1020643.81|2025-11-04:1020643.81|2025-12-02:1020643.81|2025-12-30:1020643.81|2026-01-27:1020643.81|2026-02-24:1020643.81|2026-03-24:1020643.81,,none,"Use 21 installments of IDR 1020643.81, starting today. This leaves at least IDR 27367328.57 available."
request_32,0.0,not_affordable,not_recommended,none,,none,Do not make this payment. None of the available options keeps the ZAR 35700.00 minimum protected.
request_33,0.0,not_affordable,not_recommended,none,,none,Do not make this payment. None of the available options keeps the INR 102100.00 minimum protected.
request_34,0.0,not_affordable,not_recommended,none,,none,Do not make this payment. None of the available options keeps the INR 138500.00 minimum protected.
request_35,0.0,not_affordable,not_recommended,none,,none,Do not make this payment. None of the available options keeps the INR 106400.00 minimum protected.
request_36,0.0,not_affordable,not_recommended,none,,none,Do not make this payment. None of the available options keeps the USD 2400.00 minimum protected.
request_37,0.0,not_affordable,not_recommended,none,,none,Do not make this payment. None of the available options keeps the IDR 17056200.00 minimum protected.
request_38,0.0,not_affordable,not_recommended,none,,none,Do not make this payment. None of the available options keeps the EUR 400.00 minimum protected.
request_39,0.0,not_affordable,not_recommended,none,,none,Do not make this payment. None of the available options keeps the INR 213400.00 minimum protected.
request_40,850.54,affordable_with_plan,installments,2024-06-20:72.50|2024-07-18:72.50|2024-08-15:72.50|2024-09-12:72.50|2024-10-10:72.50|2024-11-07:72.50|2024-12-05:72.50|2025-01-02:72.50|2025-01-30:72.50|2025-02-27:72.50|2025-03-27:72.50|2025-04-24:72.50|2025-05-22:72.50|2025-06-19:72.50|2025-07-17:72.50|2025-08-14:72.50|2025-09-11:72.50|2025-10-09:72.50|2025-11-06:72.50|2025-12-04:72.50|2026-01-01:72.50,,none,"Use 21 installments of EUR 72.50, starting today. This leaves at least EUR 2133.50 available."
request_41,0.0,not_affordable,not_recommended,none,,none,Do not make this payment. None of the available options keeps the IDR 25366600.00 minimum protected.
request_42,0.0,not_affordable,not_recommended,none,,none,Do not make this payment. None of the available options keeps the INR 113100.00 minimum protected.
request_43,0.0,not_affordable,not_recommended,none,,none,Do not make this payment. None of the available options keeps the IDR 21398000.00 minimum protected.
request_44,74469.53,affordable_with_plan,installments,2025-02-18:7025.33|2025-03-20:7025.33|2025-04-19:7025.33|2025-05-19:7025.33|2025-06-18:7025.33|2025-07-18:7025.33|2025-08-17:7025.33|2025-09-16:7025.33|2025-10-16:7025.33|2025-11-15:7025.33|2025-12-15:7025.33|2026-01-14:7025.33|2026-02-13:7025.33|2026-03-15:7025.33|2026-04-14:7025.33,,none,"Use 15 installments of INR 7025.33, starting today. This leaves at least INR 136384.01 available."
request_45,8823254.88,affordable_with_plan,installments,2026-07-06:1392256.67|2026-08-06:1392256.67|2026-09-06:1392256.67|2026-10-07:1392256.67|2026-11-07:1392256.67|2026-12-08:1392256.67|2027-01-08:1392256.67|2027-02-08:1392256.67|2027-03-11:1392256.67|2027-04-11:1392256.67|2027-05-12:1392256.67|2027-06-12:1392256.67|2027-07-13:1392256.67|2027-08-13:1392256.67|2027-09-13:1392256.67|2027-10-14:1392256.67|2027-11-14:1392256.67|2027-12-15:1392256.67,,none,"Use 18 installments of IDR 1392256.67, starting today. This leaves at least IDR 15806129.99 available."
request_46,49401.71,affordable_with_plan,partial_payment,2024-12-03:49401.71|2024-12-03:48.29,2024-12-03,none,"Pay INR 49401.71 today, and the rest later. This protects the INR 84000.00 minimum."
request_47,38076779.3,affordable_with_plan,installments,2025-05-12:2795026.67|2025-06-11:2795026.67|2025-07-11:2795026.67|2025-08-10:2795026.67|2025-09-09:2795026.67|2025-10-09:2795026.67|2025-11-08:2795026.67|2025-12-08:2795026.67|2026-01-07:2795026.67|2026-02-06:2795026.67|2026-03-08:2795026.67|2026-04-07:2795026.67|2026-05-07:2795026.67|2026-06-06:2795026.67|2026-07-06:2795026.67,2025-05-05,none,"Use 15 installments of IDR 2795026.67, starting 05 May 2025. This leaves at least IDR 104539069.99 available."
request_48,0.0,not_affordable,not_recommended,none,,none,Do not make this payment. None of the available options keeps the INR 71300.00 minimum protected.
request_49,20217577.15,affordable_with_plan,installments,2024-03-04:1929187.62|2024-04-01:1929187.62|2024-04-29:1929187.62|2024-05-27:1929187.62|2024-06-24:1929187.62|2024-07-22:1929187.62|2024-08-19:1929187.62|2024-09-16:1929187.62|2024-10-14:1929187.62|2024-11-11:1929187.62|2024-12-09:1929187.62|2025-01-06:1929187.62|2025-02-03:1929187.62|2025-03-03:1929187.62|2025-03-31:1929187.62|2025-04-28:1929187.62|2025-05-26:1929187.62|2025-06-23:1929187.62|2025-07-21:1929187.62|2025-08-18:1929187.62|2025-09-15:1929187.62,,none,"Use 21 installments of IDR 1929187.62, starting today. This leaves at least IDR 32787742.86 available."
request_50,0.0,not_affordable,not_recommended,none,,none,Do not make this payment. None of the available options keeps the INR 99700.00 minimum protected.
request_51,2188860.35,affordable_with_plan,partial_payment,2026-01-03:2188860.35|2026-01-03:2139.65,2026-01-03,none,"Pay IDR 2188860.35 today, and the rest later. This protects the IDR 7811000.00 minimum."
request_52,28841.81,affordable_with_plan,installments,2024-06-19:1422.88|2024-07-17:1422.88|2024-08-14:1422.88|2024-09-11:1422.88|2024-10-09:1422.88|2024-11-06:1422.88|2024-12-04:1422.88|2025-01-01:1422.88|2025-01-29:1422.88|2025-02-26:1422.88|2025-03-26:1422.88|2025-04-23:1422.88|2025-05-21:1422.88|2025-06-18:1422.88|2025-07-16:1422.88|2025-08-13:1422.88|2025-09-10:1422.88|2025-10-08:1422.88|2025-11-05:1422.88|2025-12-03:1422.88|2025-12-31:1422.88,2024-06-05,none,"Use 21 installments of INR 1422.88, starting 05 June 2024. This leaves at least INR 71051.36 available."
request_53,1422.08,affordable_with_plan,installments,2025-11-07:124.61|2025-12-07:124.61|2026-01-06:124.61|2026-02-05:124.61|2026-03-07:124.61|2026-04-06:124.61|2026-05-06:124.61|2026-06-05:124.61|2026-07-05:124.61|2026-08-04:124.61|2026-09-03:124.61|2026-10-03:124.61|2026-11-02:124.61|2026-12-02:124.61|2027-01-01:124.61,,none,"Use 15 installments of USD 124.61, starting today. This leaves at least USD 3024.98 available."
request_54,0.0,not_affordable,not_recommended,none,,none,Do not make this payment. None of the available options keeps the ZAR 37000.00 minimum protected.
request_55,176118.16,affordable_with_plan,installments,2026-06-15:12283.24|2026-07-13:12283.24|2026-08-10:12283.24|2026-09-07:12283.24|2026-10-05:12283.24|2026-11-02:12283.24|2026-11-30:12283.24|2026-12-28:12283.24|2027-01-25:12283.24|2027-02-22:12283.24|2027-03-22:12283.24|2027-04-19:12283.24|2027-05-17:12283.24|2027-06-14:12283.24|2027-07-12:12283.24|2027-08-09:12283.24|2027-09-06:12283.24|2027-10-04:12283.24|2027-11-01:12283.24|2027-11-29:12283.24|2027-12-27:12283.24,,none,"Use 21 installments of INR 12283.24, starting today. This leaves at least INR 263691.47 available."
request_56,880.7,affordable_with_plan,partial_payment,2025-02-03:880.70|2025-02-03:0.86,2025-02-03,none,"Pay USD 880.70 today, and the rest later. This protects the USD 2100.00 minimum."
request_57,0.0,not_affordable,not_recommended,none,,none,Do not make this payment. None of the available options keeps the ZAR 42700.00 minimum protected.
request_58,0.0,not_affordable,not_recommended,none,,none,Do not make this payment. None of the available options keeps the IDR 14433900.00 minimum protected.
request_59,140462.7,affordable_with_plan,installments,2025-05-07:48741.33|2025-06-04:48741.33|2025-07-02:48741.33,2025-05-04,none,"Use 3 installments of INR 48741.33, starting 04 May 2025. This leaves at least INR 577022.00 available."
request_60,0.0,not_affordable,not_recommended,none,,none,Do not make this payment. None of the available options keeps the USD 400.00 minimum protected.
request_61,29033.62,affordable_with_plan,installments,2024-03-17:10074.83|2024-04-17:10074.83|2024-05-18:10074.83,2024-03-03,none,"Use 3 installments of ZAR 10074.83, starting 03 March 2024. This leaves at least ZAR 114955.54 available."
request_62,403.84,affordable_with_plan,partial_payment,2025-08-05:403.84|2025-08-05:0.39,2025-08-05,none,"Pay USD 403.84 today, and the rest later. This protects the USD 1300.00 minimum."
request_63,0.0,not_affordable,not_recommended,none,,none,Do not make this payment. None of the available options keeps the INR 153500.00 minimum protected.
request_64,60216.41,affordable_with_plan,installments,2024-06-18:3579.33|2024-07-16:3579.33|2024-08-13:3579.33|2024-09-10:3579.33|2024-10-08:3579.33|2024-11-05:3579.33|2024-12-03:3579.33|2024-12-31:3579.33|2025-01-28:3579.33|2025-02-25:3579.33|2025-03-25:3579.33|2025-04-22:3579.33|2025-05-20:3579.33|2025-06-17:3579.33|2025-07-15:3579.33|2025-08-12:3579.33|2025-09-09:3579.33|2025-10-07:3579.33|2025-11-04:3579.33|2025-12-02:3579.33|2025-12-30:3579.33,,none,"Use 21 installments of INR 3579.33, starting today. This leaves at least INR 85595.02 available."
request_65,0.0,not_affordable,not_recommended,none,,none,Do not make this payment. None of the available options keeps the ZAR 15500.00 minimum protected.
request_66,22178.32,affordable_with_plan,partial_payment,2026-04-03:22178.32|2026-04-03:21.68,2026-04-03,none,"Pay INR 22178.32 today, and the rest later. This protects the INR 80700.00 minimum."
request_67,791.38,affordable_with_plan,installments,2024-09-12:117.66|2024-10-10:117.66|2024-11-07:117.66|2024-12-05:117.66|2025-01-02:117.66|2025-01-30:117.66|2025-02-27:117.66|2025-03-27:117.66|2025-04-24:117.66|2025-05-22:117.66|2025-06-19:117.66|2025-07-17:117.66|2025-08-14:117.66|2025-09-11:117.66|2025-10-09:117.66|2025-11-06:117.66|2025-12-04:117.66|2026-01-01:117.66|2026-01-29:117.66|2026-02-26:117.66|2026-03-26:117.66,,none,"Use 21 installments of USD 117.66, starting today. This leaves at least USD 1639.56 available."
request_68,2089.56,affordable_with_plan,installments,2025-02-21:153.38|2025-03-23:153.38|2025-04-22:153.38|2025-05-22:153.38|2025-06-21:153.38|2025-07-21:153.38|2025-08-20:153.38|2025-09-19:153.38|2025-10-19:153.38|2025-11-18:153.38|2025-12-18:153.38|2026-01-17:153.38|2026-02-16:153.38|2026-03-18:153.38|2026-04-17:153.38,2025-02-07,none,"Use 15 installments of USD 153.38, starting 07 February 2025. This leaves at least USD 3197.69 available."
request_69,528.58,affordable_with_plan,installments,2026-01-04:33.51|2026-02-04:33.51|2026-03-07:33.51|2026-04-07:33.51|2026-05-08:33.51|2026-06-08:33.51|2026-07-09:33.51|2026-08-09:33.51|2026-09-09:33.51|2026-10-10:33.51|2026-11-10:33.51|2026-12-11:33.51|2027-01-11:33.51|2027-02-11:33.51|2027-03-14:33.51|2027-04-14:33.51|2027-05-15:33.51|2027-06-15:33.51,2026-01-04,none,"Use 18 installments of EUR 33.51, starting 04 January 2026. This leaves at least EUR 1538.97 available."
request_70,93129.79,affordable_with_plan,installments,2024-12-09:13704.86|2025-01-06:13704.86|2025-02-03:13704.86|2025-03-03:13704.86|2025-03-31:13704.86|2025-04-28:13704.86|2025-05-26:13704.86|2025-06-23:13704.86|2025-07-21:13704.86|2025-08-18:13704.86|2025-09-15:13704.86|2025-10-13:13704.86|2025-11-10:13704.86|2025-12-08:13704.86|2026-01-05:13704.86|2026-02-02:13704.86|2026-03-02:13704.86|2026-03-30:13704.86|2026-04-27:13704.86|2026-05-25:13704.86|2026-06-22:13704.86,,none,"Use 21 installments of INR 13704.86, starting today. This leaves at least INR 153540.56 available."
request_71,0.0,not_affordable,not_recommended,none,,none,Do not make this payment. None of the available options keeps the IDR 8884800.00 minimum protected.
request_72,0.0,not_affordable,not_recommended,none,,none,Do not make this payment. None of the available options keeps the ZAR 12200.00 minimum protected.
request_73,71330.27,affordable_with_plan,installments,2023-01-20:4012.00|2023-02-17:4012.00|2023-03-17:4012.00|2023-04-14:4012.00|2023-05-12:4012.00|2023-06-09:4012.00|2023-07-07:4012.00|2023-08-04:4012.00|2023-09-01:4012.00|2023-09-29:4012.00|2023-10-27:4012.00|2023-11-24:4012.00|2023-12-22:4012.00|2024-01-19:4012.00|2024-02-16:4012.00|2024-03-15:4012.00|2024-04-12:4012.00|2024-05-10:4012.00|2024-06-07:4012.00|2024-07-05:4012.00|2024-08-02:4012.00,2023-01-20,none,"Use 21 installments of INR 4012.00, starting 20 January 2023. This leaves at least INR 262494.50 available."
request_74,5005.11,affordable_with_plan,partial_payment,2025-08-04:5005.11|2025-08-04:4.89,2025-08-04,none,"Pay ZAR 5005.11 today, and the rest later. This protects the ZAR 21900.00 minimum."
request_75,28242.39,affordable_with_plan,installments,2026-04-09:9800.27|2026-05-09:9800.27|2026-06-08:9800.27,2026-04-06,none,"Use 3 installments of ZAR 9800.27, starting 06 April 2026. This leaves at least ZAR 116467.06 available."
request_76,0.0,not_affordable,not_recommended,none,,none,Do not make this payment. None of the available options keeps the USD 1800.00 minimum protected.
request_77,0.0,not_affordable,not_recommended,none,,none,Do not make this payment. None of the available options keeps the INR 82200.00 minimum protected.
request_78,0.0,not_affordable,not_recommended,none,,none,Do not make this payment. None of the available options keeps the INR 55200.00 minimum protected.
request_79,0.0,not_affordable,not_recommended,none,,none,Do not make this payment. None of the available options keeps the EUR 1000.00 minimum protected.
request_80,152080.08,affordable_with_plan,installments,2025-02-20:15950.00|2025-03-22:15950.00|2025-04-21:15950.00|2025-05-21:15950.00|2025-06-20:15950.00|2025-07-20:15950.00|2025-08-19:15950.00|2025-09-18:15950.00|2025-10-18:15950.00|2025-11-17:15950.00|2025-12-17:15950.00|2026-01-16:15950.00|2026-02-15:15950.00|2026-03-17:15950.00|2026-04-16:15950.00,,none,"Use 15 installments of INR 15950.00, starting today. This leaves at least INR 225565.00 available."
request_81,0.0,not_affordable,not_recommended,none,,none,Do not make this payment. None of the available options keeps the USD 1600.00 minimum protected.
request_82,1011.36,affordable_with_plan,installments,2024-12-08:78.96|2025-01-05:78.96|2025-02-02:78.96|2025-03-02:78.96|2025-03-30:78.96|2025-04-27:78.96|2025-05-25:78.96|2025-06-22:78.96|2025-07-20:78.96|2025-08-17:78.96|2025-09-14:78.96|2025-10-12:78.96|2025-11-09:78.96|2025-12-07:78.96|2026-01-04:78.96|2026-02-01:78.96|2026-03-01:78.96|2026-03-29:78.96|2026-04-26:78.96|2026-05-24:78.96|2026-06-21:78.96,,none,"Use 21 installments of USD 78.96, starting today. This leaves at least USD 1795.56 available."
request_83,0.0,not_affordable,not_recommended,none,,none,Do not make this payment. None of the available options keeps the INR 37800.00 minimum protected.
request_84,0.0,not_affordable,not_recommended,none,,none,Do not make this payment. None of the available options keeps the INR 91300.00 minimum protected.
request_85,0.0,not_affordable,not_recommended,none,,none,Do not make this payment. None of the available options keeps the IDR 6396300.00 minimum protected.
request_86,46254.79,affordable_with_plan,installments,2025-08-06:3395.33|2025-09-05:3395.33|2025-10-05:3395.33|2025-11-04:3395.33|2025-12-04:3395.33|2026-01-03:3395.33|2026-02-02:3395.33|2026-03-04:3395.33|2026-04-03:3395.33|2026-05-03:3395.33|2026-06-02:3395.33|2026-07-02:3395.33|2026-08-01:3395.33|2026-08-31:3395.33|2026-09-30:3395.33,2025-08-03,none,"Use 15 installments of INR 3395.33, starting 03 August 2025. This leaves at least INR 218453.51 available."
request_87,0.0,not_affordable,not_recommended,none,,none,Do not make this payment. None of the available options keeps the INR 185900.00 minimum protected.
request_88,15543.09,affordable_with_plan,installments,2024-06-21:1466.12|2024-07-19:1466.12|2024-08-16:1466.12|2024-09-13:1466.12|2024-10-11:1466.12|2024-11-08:1466.12|2024-12-06:1466.12|2025-01-03:1466.12|2025-01-31:1466.12|2025-02-28:1466.12|2025-03-28:1466.12|2025-04-25:1466.12|2025-05-23:1466.12|2025-06-20:1466.12|2025-07-18:1466.12|2025-08-15:1466.12|2025-09-12:1466.12|2025-10-10:1466.12|2025-11-07:1466.12|2025-12-05:1466.12|2026-01-02:1466.12,,none,"Use 21 installments of ZAR 1466.12, starting today. This leaves at least ZAR 36959.53 available."
request_89,13742566.41,affordable_with_plan,installments,2025-11-18:4768746.67|2025-12-16:4768746.67|2026-01-13:4768746.67,2025-11-04,none,"Use 3 installments of IDR 4768746.67, starting 04 November 2025. This leaves at least IDR 13025622.00 available."
request_90,2557.5,affordable_with_plan,partial_payment,2026-07-06:2557.50|2026-07-06:2.50,2026-07-06,none,"Pay ZAR 2557.50 today, and the rest later. This protects the ZAR 7600.00 minimum."
request_91,1925.32,affordable_with_plan,installments,2024-09-10:108.29|2024-10-08:108.29|2024-11-05:108.29|2024-12-03:108.29|2024-12-31:108.29|2025-01-28:108.29|2025-02-25:108.29|2025-03-25:108.29|2025-04-22:108.29|2025-05-20:108.29|2025-06-17:108.29|2025-07-15:108.29|2025-08-12:108.29|2025-09-09:108.29|2025-10-07:108.29|2025-11-04:108.29|2025-12-02:108.29|2025-12-30:108.29|2026-01-27:108.29|2026-02-24:108.29|2026-03-24:108.29,2024-09-03,none,"Use 21 installments of EUR 108.29, starting 03 September 2024. This leaves at least EUR 3718.73 available."
request_92,0.0,not_affordable,not_recommended,none,,none,Do not make this payment. None of the available options keeps the ZAR 28100.00 minimum protected.
request_93,1727.51,affordable_with_plan,installments,2026-04-07:109.52|2026-05-08:109.52|2026-06-08:109.52|2026-07-09:109.52|2026-08-09:109.52|2026-09-09:109.52|2026-10-10:109.52|2026-11-10:109.52|2026-12-11:109.52|2027-01-11:109.52|2027-02-11:109.52|2027-03-14:109.52|2027-04-14:109.52|2027-05-15:109.52|2027-06-15:109.52|2027-07-16:109.52|2027-08-16:109.52|2027-09-16:109.52,2026-04-07,none,"Use 18 installments of USD 109.52, starting 07 April 2026. This leaves at least USD 3633.54 available."
request_94,0.0,not_affordable,not_recommended,none,,none,Do not make this payment. None of the available options keeps the EUR 600.00 minimum protected.
request_95,0.0,not_affordable,not_recommended,none,,none,Do not make this payment. None of the available options keeps the INR 145500.00 minimum protected.
request_96,90111.91,affordable_with_plan,installments,2026-01-17:5712.67|2026-02-17:5712.67|2026-03-20:5712.67|2026-04-20:5712.67|2026-05-21:5712.67|2026-06-21:5712.67|2026-07-22:5712.67|2026-08-22:5712.67|2026-09-22:5712.67|2026-10-23:5712.67|2026-11-23:5712.67|2026-12-24:5712.67|2027-01-24:5712.67|2027-02-24:5712.67|2027-03-27:5712.67|2027-04-27:5712.67|2027-05-28:5712.67|2027-06-28:5712.67,2026-01-03,none,"Use 18 installments of INR 5712.67, starting 03 January 2026. This leaves at least INR 144497.48 available."
request_97,8856.89,affordable_with_plan,installments,2024-03-05:1320.25|2024-04-02:1320.25|2024-04-30:1320.25|2024-05-28:1320.25|2024-06-25:1320.25|2024-07-23:1320.25|2024-08-20:1320.25|2024-09-17:1320.25|2024-10-15:1320.25|2024-11-12:1320.25|2024-12-10:1320.25|2025-01-07:1320.25|2025-02-04:1320.25|2025-03-04:1320.25|2025-04-01:1320.25|2025-04-29:1320.25|2025-05-27:1320.25|2025-06-24:1320.25|2025-07-22:1320.25|2025-08-19:1320.25|2025-09-16:1320.25,,none,"Use 21 installments of ZAR 1320.25, starting today. This leaves at least ZAR 33284.89 available."
request_98,0.0,not_affordable,not_recommended,none,,none,Do not make this payment. None of the available options keeps the ZAR 30000.00 minimum protected.
request_99,0.0,not_affordable,not_recommended,none,,none,Do not make this payment. None of the available options keeps the ZAR 49100.00 minimum protected.
request_100,34830.62,affordable_with_plan,installments,2024-06-20:2085.45|2024-07-18:2085.45|2024-08-15:2085.45|2024-09-12:2085.45|2024-10-10:2085.45|2024-11-07:2085.45|2024-12-05:2085.45|2025-01-02:2085.45|2025-01-30:2085.45|2025-02-27:2085.45|2025-03-27:2085.45|2025-04-24:2085.45|2025-05-22:2085.45|2025-06-19:2085.45|2025-07-17:2085.45|2025-08-14:2085.45|2025-09-11:2085.45|2025-10-09:2085.45|2025-11-06:2085.45|2025-12-04:2085.45|2026-01-01:2085.45,,none,"Use 21 installments of ZAR 2085.45, starting today. This leaves at least ZAR 61079.78 available."
request_101,143359.86,affordable_with_plan,installments,2025-11-03:10523.33|2025-12-03:10523.33|2026-01-02:10523.33|2026-02-01:10523.33|2026-03-03:10523.33|2026-04-02:10523.33|2026-05-02:10523.33|2026-06-01:10523.33|2026-07-01:10523.33|2026-07-31:10523.33|2026-08-30:10523.33|2026-09-29:10523.33|2026-10-29:10523.33|2026-11-28:10523.33|2026-12-28:10523.33,2025-11-03,none,"Use 15 installments of INR 10523.33, starting 03 November 2025. This leaves at least INR 408115.18 available."
request_102,1714.32,affordable_with_plan,installments,2026-04-05:594.88|2026-05-05:594.88|2026-06-04:594.88,2026-04-05,none,"Use 3 installments of EUR 594.88, starting 05 April 2026. This leaves at least EUR 2773.10 available."
request_103,0.0,not_affordable,not_recommended,none,,none,Do not make this payment. None of the available options keeps the INR 125500.00 minimum protected.
request_104,17187.2,affordable_with_plan,installments,2025-02-18:1261.63|2025-03-20:1261.63|2025-04-19:1261.63|2025-05-19:1261.63|2025-06-18:1261.63|2025-07-18:1261.63|2025-08-17:1261.63|2025-09-16:1261.63|2025-10-16:1261.63|2025-11-15:1261.63|2025-12-15:1261.63|2026-01-14:1261.63|2026-02-13:1261.63|2026-03-15:1261.63|2026-04-14:1261.63,2025-02-04,none,"Use 15 installments of ZAR 1261.63, starting 04 February 2025. This leaves at least ZAR 58272.21 available."
request_105,53447.75,affordable_with_plan,installments,2026-06-08:3388.33|2026-07-09:3388.33|2026-08-09:3388.33|2026-09-09:3388.33|2026-10-10:3388.33|2026-11-10:3388.33|2026-12-11:3388.33|2027-01-11:3388.33|2027-02-11:3388.33|2027-03-14:3388.33|2027-04-14:3388.33|2027-05-15:3388.33|2027-06-15:3388.33|2027-07-16:3388.33|2027-08-16:3388.33|2027-09-16:3388.33|2027-10-17:3388.33|2027-11-17:3388.33,2026-06-08,none,"Use 18 installments of INR 3388.33, starting 08 June 2026. This leaves at least INR 137666.81 available."
request_106,0.0,not_affordable,not_recommended,none,,none,Do not make this payment. None of the available options keeps the EUR 1200.00 minimum protected.
request_107,2531.93,affordable_with_plan,installments,2025-05-12:185.86|2025-06-11:185.86|2025-07-11:185.86|2025-08-10:185.86|2025-09-09:185.86|2025-10-09:185.86|2025-11-08:185.86|2025-12-08:185.86|2026-01-07:185.86|2026-02-06:185.86|2026-03-08:185.86|2026-04-07:185.86|2026-05-07:185.86|2026-06-06:185.86|2026-07-06:185.86,2025-05-05,none,"Use 15 installments of EUR 185.86, starting 05 May 2025. This leaves at least EUR 4496.94 available."
request_108,0.0,not_affordable,not_recommended,none,,none,Do not make this payment. None of the available options keeps the ZAR 24100.00 minimum protected.
request_109,1275.63,affordable_with_plan,installments,2024-03-04:104.71|2024-04-01:104.71|2024-04-29:104.71|2024-05-27:104.71|2024-06-24:104.71|2024-07-22:104.71|2024-08-19:104.71|2024-09-16:104.71|2024-10-14:104.71|2024-11-11:104.71|2024-12-09:104.71|2025-01-06:104.71|2025-02-03:104.71|2025-03-03:104.71|2025-03-31:104.71|2025-04-28:104.71|2025-05-26:104.71|2025-06-23:104.71|2025-07-21:104.71|2025-08-18:104.71|2025-09-15:104.71,,none,"Use 21 installments of EUR 104.71, starting today. This leaves at least EUR 2557.62 available."
request_110,22330.17,affordable_with_plan,installments,2025-08-06:7748.69|2025-09-03:7748.69|2025-10-01:7748.69,2025-08-06,none,"Use 3 installments of ZAR 7748.69, starting 06 August 2025. This leaves at least ZAR 37983.46 available."
request_111,16608764.65,affordable_with_plan,installments,2026-04-10:1052916.67|2026-05-11:1052916.67|2026-06-11:1052916.67|2026-07-12:1052916.67|2026-08-12:1052916.67|2026-09-12:1052916.67|2026-10-13:1052916.67|2026-11-13:1052916.67|2026-12-14:1052916.67|2027-01-14:1052916.67|2027-02-14:1052916.67|2027-03-17:1052916.67|2027-04-17:1052916.67|2027-05-18:1052916.67|2027-06-18:1052916.67|2027-07-19:1052916.67|2027-08-19:1052916.67|2027-09-19:1052916.67,2026-04-03,none,"Use 18 installments of IDR 1052916.67, starting 03 April 2026. This leaves at least IDR 82046109.99 available."
request_112,0.0,not_affordable,not_recommended,none,,none,Do not make this payment. None of the available options keeps the EUR 500.00 minimum protected.
request_113,36464.36,affordable_with_plan,installments,2026-09-04:2518.50|2026-10-04:2518.50|2026-11-03:2518.50|2026-12-03:2518.50|2027-01-02:2518.50|2027-02-01:2518.50|2027-03-03:2518.50|2027-04-02:2518.50|2027-05-02:2518.50|2027-06-01:2518.50|2027-07-01:2518.50|2027-07-31:2518.50|2027-08-30:2518.50|2027-09-29:2518.50|2027-10-29:2518.50,2026-09-04,none,"Use 15 installments of INR 2518.50, starting 04 September 2026. This leaves at least INR 131816.00 available."
request_114,0.0,not_affordable,not_recommended,none,,none,Do not make this payment. None of the available options keeps the INR 113400.00 minimum protected.
request_115,0.0,not_affordable,not_recommended,none,,none,Do not make this payment. None of the available options keeps the INR 38800.00 minimum protected.
request_116,57944.53,affordable_with_plan,installments,2025-02-17:17688.00|2025-03-19:17688.00|2025-04-18:17688.00|2025-05-18:17688.00|2025-06-17:17688.00|2025-07-17:17688.00|2025-08-16:17688.00|2025-09-15:17688.00|2025-10-15:17688.00|2025-11-14:17688.00|2025-12-14:17688.00|2026-01-13:17688.00|2026-02-12:17688.00|2026-03-14:17688.00|2026-04-13:17688.00,,none,"Use 15 installments of INR 17688.00, starting today. This leaves at least INR 85311.00 available."
request_117,0.0,not_affordable,not_recommended,none,,none,Do not make this payment. None of the available options keeps the EUR 1000.00 minimum protected.
request_118,737.38,affordable_with_plan,installments,2024-12-10:41.47|2025-01-07:41.47|2025-02-04:41.47|2025-03-04:41.47|2025-04-01:41.47|2025-04-29:41.47|2025-05-27:41.47|2025-06-24:41.47|2025-07-22:41.47|2025-08-19:41.47|2025-09-16:41.47|2025-10-14:41.47|2025-11-11:41.47|2025-12-09:41.47|2026-01-06:41.47|2026-02-03:41.47|2026-03-03:41.47|2026-03-31:41.47|2026-04-28:41.47|2026-05-26:41.47|2026-06-23:41.47,2024-12-07,none,"Use 21 installments of EUR 41.47, starting 07 December 2024. This leaves at least EUR 1372.63 available."
request_119,130764.65,affordable_with_plan,installments,2025-05-11:14923.33|2025-06-10:14923.33|2025-07-10:14923.33|2025-08-09:14923.33|2025-09-08:14923.33|2025-10-08:14923.33|2025-11-07:14923.33|2025-12-07:14923.33|2026-01-06:14923.33|2026-02-05:14923.33|2026-03-07:14923.33|2026-04-06:14923.33|2026-05-06:14923.33|2026-06-05:14923.33|2026-07-05:14923.33,,none,"Use 15 installments of INR 14923.33, starting today. This leaves at least INR 237331.02 available."
request_120,0.0,not_affordable,not_recommended,none,,none,Do not make this payment. None of the available options keeps the IDR 20050300.00 minimum protected.
request_121,0.0,not_affordable,not_recommended,none,,none,Do not make this payment. None of the available options keeps the USD 800.00 minimum protected.
request_122,20537923.83,affordable_with_plan,installments,2025-08-05:7126773.33|2025-09-02:7126773.33|2025-09-30:7126773.33,2025-08-05,none,"Use 3 installments of IDR 7126773.33, starting 05 August 2025. This leaves at least IDR 34496925.00 available."
request_123,4072019.53,affordable_with_plan,partial_payment,2026-01-07:4072019.53|2026-01-07:3980.47,2026-01-07,none,"Pay IDR 4072019.53 today, and the rest later. This protects the IDR 18091200.00 minimum."
request_124,2049.26,affordable_with_plan,installments,2024-06-18:174.43|2024-07-16:174.43|2024-08-13:174.43|2024-09-10:174.43|2024-10-08:174.43|2024-11-05:174.43|2024-12-03:174.43|2024-12-31:174.43|2025-01-28:174.43|2025-02-25:174.43|2025-03-25:174.43|2025-04-22:174.43|2025-05-20:174.43|2025-06-17:174.43|2025-07-15:174.43|2025-08-12:174.43|2025-09-09:174.43|2025-10-07:174.43|2025-11-04:174.43|2025-12-02:174.43|2025-12-30:174.43,,none,"Use 21 installments of EUR 174.43, starting today. This leaves at least EUR 3126.27 available."
request_125,0.0,not_affordable,not_recommended,none,,none,Do not make this payment. None of the available options keeps the ZAR 11300.00 minimum protected.
request_126,159444.14,affordable_with_plan,installments,2026-07-06:10108.00|2026-08-06:10108.00|2026-09-06:10108.00|2026-10-07:10108.00|2026-11-07:10108.00|2026-12-08:10108.00|2027-01-08:10108.00|2027-02-08:10108.00|2027-03-11:10108.00|2027-04-11:10108.00|2027-05-12:10108.00|2027-06-12:10108.00|2027-07-13:10108.00|2027-08-13:10108.00|2027-09-13:10108.00|2027-10-14:10108.00|2027-11-14:10108.00|2027-12-15:10108.00,2026-07-03,none,"Use 18 installments of INR 10108.00, starting 03 July 2026. This leaves at least INR 372851.00 available."
request_127,0.0,not_affordable,not_recommended,none,,none,Do not make this payment. None of the available options keeps the ZAR 41000.00 minimum protected.
request_128,0.0,not_affordable,not_recommended,none,,none,Do not make this payment. None of the available options keeps the ZAR 42600.00 minimum protected.
request_129,0.0,not_affordable,not_recommended,none,,none,Do not make this payment. None of the available options keeps the USD 800.00 minimum protected.
request_130,915.97,affordable_with_plan,installments,2024-12-09:111.19|2025-01-06:111.19|2025-02-03:111.19|2025-03-03:111.19|2025-03-31:111.19|2025-04-28:111.19|2025-05-26:111.19|2025-06-23:111.19|2025-07-21:111.19|2025-08-18:111.19|2025-09-15:111.19|2025-10-13:111.19|2025-11-10:111.19|2025-12-08:111.19|2026-01-05:111.19|2026-02-02:111.19|2026-03-02:111.19|2026-03-30:111.19|2026-04-27:111.19|2026-05-25:111.19|2026-06-22:111.19,,none,"Use 21 installments of USD 111.19, starting today. This leaves at least USD 1872.70 available."
request_131,1853.39,affordable_with_plan,installments,2025-05-10:136.05|2025-06-09:136.05|2025-07-09:136.05|2025-08-08:136.05|2025-09-07:136.05|2025-10-07:136.05|2025-11-06:136.05|2025-12-06:136.05|2026-01-05:136.05|2026-02-04:136.05|2026-03-06:136.05|2026-04-05:136.05|2026-05-05:136.05|2026-06-04:136.05|2026-07-04:136.05,2025-05-03,none,"Use 15 installments of USD 136.05, starting 03 May 2025. This leaves at least USD 2979.01 available."
request_132,0.0,not_affordable,not_recommended,none,,none,Do not make this payment. None of the available options keeps the USD 1100.00 minimum protected.
request_133,0.0,not_affordable,not_recommended,none,,none,Do not make this payment. None of the available options keeps the IDR 9986200.00 minimum protected.
request_134,0.0,not_affordable,not_recommended,none,,none,Do not make this payment. None of the available options keeps the IDR 15902500.00 minimum protected.
request_135,304.5,affordable_with_plan,installments,2026-07-13:19.30|2026-08-13:19.30|2026-09-13:19.30|2026-10-14:19.30|2026-11-14:19.30|2026-12-15:19.30|2027-01-15:19.30|2027-02-15:19.30|2027-03-18:19.30|2027-04-18:19.30|2027-05-19:19.30|2027-06-19:19.30|2027-07-20:19.30|2027-08-20:19.30|2027-09-20:19.30|2027-10-21:19.30|2027-11-21:19.30|2027-12-22:19.30,2026-07-06,none,"Use 18 installments of USD 19.30, starting 06 July 2026. This leaves at least USD 983.20 available."
request_136,559.85,affordable_with_plan,partial_payment,2024-06-03:559.85|2024-06-03:0.55,2024-06-03,none,"Pay USD 559.85 today, and the rest later. This protects the USD 1100.00 minimum."
request_137,67897.27,affordable_with_plan,installments,2025-11-05:5874.00|2025-12-05:5874.00|2026-01-04:5874.00|2026-02-03:5874.00|2026-03-05:5874.00|2026-04-04:5874.00|2026-05-04:5874.00|2026-06-03:5874.00|2026-07-03:5874.00|2026-08-02:5874.00|2026-09-01:5874.00|2026-10-01:5874.00|2026-10-31:5874.00|2026-11-30:5874.00|2026-12-30:5874.00,,none,"Use 15 installments of INR 5874.00, starting today. This leaves at least INR 116264.00 available."
request_138,1209.07,affordable_with_plan,installments,2026-04-12:333.09|2026-05-12:333.09|2026-06-11:333.09|2026-07-11:333.09,,none,"Use 4 installments of EUR 333.09, starting today. This leaves at least EUR 2510.63 available."
request_139,2184.82,affordable_with_plan,installments,2024-09-11:130.14|2024-10-09:130.14|2024-11-06:130.14|2024-12-04:130.14|2025-01-01:130.14|2025-01-29:130.14|2025-02-26:130.14|2025-03-26:130.14|2025-04-23:130.14|2025-05-21:130.14|2025-06-18:130.14|2025-07-16:130.14|2025-08-13:130.14|2025-09-10:130.14|2025-10-08:130.14|2025-11-05:130.14|2025-12-03:130.14|2025-12-31:130.14|2026-01-28:130.14|2026-02-25:130.14|2026-03-25:130.14,,none,"Use 21 installments of USD 130.14, starting today. This leaves at least USD 3295.42 available."
request_140,0.0,not_affordable,not_recommended,none,,none,Do not make this payment. None of the available options keeps the ZAR 21600.00 minimum protected.
request_141,0.0,not_affordable,not_recommended,none,,none,Do not make this payment. None of the available options keeps the INR 67300.00 minimum protected.
request_142,0.0,not_affordable,not_recommended,none,,none,Do not make this payment. None of the available options keeps the USD 1700.00 minimum protected.
request_143,8381.14,affordable_with_plan,installments,2025-05-14:922.83|2025-06-13:922.83|2025-07-13:922.83|2025-08-12:922.83|2025-09-11:922.83|2025-10-11:922.83|2025-11-10:922.83|2025-12-10:922.83|2026-01-09:922.83|2026-02-08:922.83|2026-03-10:922.83|2026-04-09:922.83|2026-05-09:922.83|2026-06-08:922.83|2026-07-08:922.83,,none,"Use 15 installments of ZAR 922.83, starting today. This leaves at least ZAR 16915.71 available."
request_144,0.0,not_affordable,not_recommended,none,,none,Do not make this payment. None of the available options keeps the USD 600.00 minimum protected.
request_145,105515.43,affordable_with_plan,installments,2024-03-06:12215.81|2024-04-03:12215.81|2024-05-01:12215.81|2024-05-29:12215.81|2024-06-26:12215.81|2024-07-24:12215.81|2024-08-21:12215.81|2024-09-18:12215.81|2024-10-16:12215.81|2024-11-13:12215.81|2024-12-11:12215.81|2025-01-08:12215.81|2025-02-05:12215.81|2025-03-05:12215.81|2025-04-02:12215.81|2025-04-30:12215.81|2025-05-28:12215.81|2025-06-25:12215.81|2025-07-23:12215.81|2025-08-20:12215.81|2025-09-17:12215.81,,none,"Use 21 installments of INR 12215.81, starting today. This leaves at least INR 212150.42 available."
request_146,0.0,not_affordable,not_recommended,none,,none,Do not make this payment. None of the available options keeps the INR 108600.00 minimum protected.
request_147,741.37,affordable_with_plan,installments,2026-04-12:71.55|2026-05-13:71.55|2026-06-13:71.55|2026-07-14:71.55|2026-08-14:71.55|2026-09-14:71.55|2026-10-15:71.55|2026-11-15:71.55|2026-12-16:71.55|2027-01-16:71.55|2027-02-16:71.55|2027-03-19:71.55|2027-04-19:71.55|2027-05-20:71.55|2027-06-20:71.55|2027-07-21:71.55|2027-08-21:71.55|2027-09-21:71.55,,none,"Use 18 installments of EUR 71.55, starting today. This leaves at least EUR 1426.88 available."
request_148,13162.75,affordable_with_plan,installments,2024-06-21:1249.79|2024-07-19:1249.79|2024-08-16:1249.79|2024-09-13:1249.79|2024-10-11:1249.79|2024-11-08:1249.79|2024-12-06:1249.79|2025-01-03:1249.79|2025-01-31:1249.79|2025-02-28:1249.79|2025-03-28:1249.79|2025-04-25:1249.79|2025-05-23:1249.79|2025-06-20:1249.79|2025-07-18:1249.79|2025-08-15:1249.79|2025-09-12:1249.79|2025-10-10:1249.79|2025-11-07:1249.79|2025-12-05:1249.79|2026-01-02:1249.79,,none,"Use 21 installments of ZAR 1249.79, starting today. This leaves at least ZAR 29431.71 available."
request_149,36616.21,affordable_with_plan,installments,2025-11-18:12706.03|2025-12-16:12706.03|2026-01-13:12706.03,2025-11-04,none,"Use 3 installments of ZAR 12706.03, starting 04 November 2025. This leaves at least ZAR 46240.29 available."
request_150,495.62,affordable_with_plan,installments,2026-01-06:171.98|2026-02-05:171.98|2026-03-07:171.98,2026-01-06,none,"Use 3 installments of EUR 171.98, starting 06 January 2026. This leaves at least EUR 741.50 available."
request_151,0.0,not_affordable,not_recommended,none,,none,Do not make this payment. None of the available options keeps the IDR 31633600.00 minimum protected.
request_152,13868.44,affordable_with_plan,installments,2025-02-19:1018.01|2025-03-21:1018.01|2025-04-20:1018.01|2025-05-20:1018.01|2025-06-19:1018.01|2025-07-19:1018.01|2025-08-18:1018.01|2025-09-17:1018.01|2025-10-17:1018.01|2025-11-16:1018.01|2025-12-16:1018.01|2026-01-15:1018.01|2026-02-14:1018.01|2026-03-16:1018.01|2026-04-15:1018.01,2025-02-05,none,"Use 15 installments of ZAR 1018.01, starting 05 February 2025. This leaves at least ZAR 25314.74 available."
request_153,0.0,not_affordable,not_recommended,none,,none,Do not make this payment. None of the available options keeps the USD 1400.00 minimum protected.
request_154,1624.21,affordable_with_plan,installments,2024-12-04:563.61|2025-01-04:563.61|2025-02-04:563.61,2024-12-04,none,"Use 3 installments of EUR 563.61, starting 04 December 2024. This leaves at least EUR 2988.57 available."
request_155,0.0,not_affordable,not_recommended,none,,none,Do not make this payment. None of the available options keeps the INR 56300.00 minimum protected.
request_156,13587.45,affordable_with_plan,installments,2026-04-17:2728.15|2026-05-18:2728.15|2026-06-18:2728.15|2026-07-19:2728.15|2026-08-19:2728.15|2026-09-19:2728.15|2026-10-20:2728.15|2026-11-20:2728.15|2026-12-21:2728.15|2027-01-21:2728.15|2027-02-21:2728.15|2027-03-24:2728.15|2027-04-24:2728.15|2027-05-25:2728.15|2027-06-25:2728.15|2027-07-26:2728.15|2027-08-26:2728.15|2027-09-26:2728.15,,none,"Use 18 installments of ZAR 2728.15, starting today. This leaves at least ZAR 32303.85 available."
request_157,0.0,not_affordable,not_recommended,none,,none,Do not make this payment. None of the available options keeps the IDR 15714100.00 minimum protected.
request_158,242363.09,affordable_with_plan,installments,2025-08-07:84101.33|2025-09-04:84101.33|2025-10-02:84101.33,2025-08-07,none,"Use 3 installments of INR 84101.33, starting 07 August 2025. This leaves at least INR 493113.11 available."
request_159,13384.92,affordable_with_plan,partial_payment,2026-01-04:13384.92|2026-01-04:13.08,2026-01-04,none,"Pay ZAR 13384.92 today, and the rest later. This protects the ZAR 8700.00 minimum."
request_160,856.83,affordable_with_plan,installments,2024-06-20:70.03|2024-07-18:70.03|2024-08-15:70.03|2024-09-12:70.03|2024-10-10:70.03|2024-11-07:70.03|2024-12-05:70.03|2025-01-02:70.03|2025-01-30:70.03|2025-02-27:70.03|2025-03-27:70.03|2025-04-24:70.03|2025-05-22:70.03|2025-06-19:70.03|2025-07-17:70.03|2025-08-14:70.03|2025-09-11:70.03|2025-10-09:70.03|2025-11-06:70.03|2025-12-04:70.03|2026-01-01:70.03,,none,"Use 21 installments of EUR 70.03, starting today. This leaves at least EUR 1847.52 available."
request_161,0.0,not_affordable,not_recommended,none,,none,Do not make this payment. None of the available options keeps the IDR 23010400.00 minimum protected.
request_162,0.0,not_affordable,not_recommended,none,,none,Do not make this payment. None of the available options keeps the IDR 24161100.00 minimum protected.
request_163,19285148.44,affordable_with_plan,installments,2024-09-10:6692053.33|2024-10-11:6692053.33|2024-11-11:6692053.33,2024-09-07,none,"Use 3 installments of IDR 6692053.33, starting 07 September 2024. This leaves at least IDR 27731464.27 available."
request_164,26991615.23,affordable_with_plan,installments,2025-02-18:1981320.00|2025-03-20:1981320.00|2025-04-19:1981320.00|2025-05-19:1981320.00|2025-06-18:1981320.00|2025-07-18:1981320.00|2025-08-17:1981320.00|2025-09-16:1981320.00|2025-10-16:1981320.00|2025-11-15:1981320.00|2025-12-15:1981320.00|2026-01-14:1981320.00|2026-02-13:1981320.00|2026-03-15:1981320.00|2026-04-14:1981320.00,2025-02-04,none,"Use 15 installments of IDR 1981320.00, starting 04 February 2025. This leaves at least IDR 68149509.20 available."
request_165,0.0,not_affordable,not_recommended,none,,none,Do not make this payment. None of the available options keeps the INR 95000.00 minimum protected.
request_166,2904.76,affordable_with_plan,installments,2024-12-03:1007.97|2025-01-03:1007.97|2025-02-03:1007.97,2024-12-03,none,"Use 3 installments of USD 1007.97, starting 03 December 2024. This leaves at least USD 5978.04 available."
request_167,43759.22,affordable_with_plan,installments,2025-05-12:3212.15|2025-06-11:3212.15|2025-07-11:3212.15|2025-08-10:3212.15|2025-09-09:3212.15|2025-10-09:3212.15|2025-11-08:3212.15|2025-12-08:3212.15|2026-01-07:3212.15|2026-02-06:3212.15|2026-03-08:3212.15|2026-04-07:3212.15|2026-05-07:3212.15|2026-06-06:3212.15|2026-07-06:3212.15,2025-05-05,none,"Use 15 installments of ZAR 3212.15, starting 05 May 2025. This leaves at least ZAR 95453.85 available."
request_168,49331.78,affordable_with_plan,partial_payment,2026-01-07:49331.78|2026-01-07:48.22,2026-01-07,none,"Pay INR 49331.78 today, and the rest later. This protects the INR 114400.00 minimum."
request_169,0.0,not_affordable,not_recommended,none,,none,Do not make this payment. None of the available options keeps the ZAR 18700.00 minimum protected.
request_170,36899929.69,affordable_with_plan,installments,2025-08-09:2708640.00|2025-09-08:2708640.00|2025-10-08:2708640.00|2025-11-07:2708640.00|2025-12-07:2708640.00|2026-01-06:2708640.00|2026-02-05:2708640.00|2026-03-07:2708640.00|2026-04-06:2708640.00|2026-05-06:2708640.00|2026-06-05:2708640.00|2026-07-05:2708640.00|2026-08-04:2708640.00|2026-09-03:2708640.00|2026-10-03:2708640.00,2025-08-06,none,"Use 15 installments of IDR 2708640.00, starting 06 August 2025. This leaves at least IDR 61321078.40 available."
request_171,0.0,not_affordable,not_recommended,none,,none,Do not make this payment. None of the available options keeps the EUR 500.00 minimum protected.
request_172,10190.04,affordable_with_plan,partial_payment,2024-06-05:10190.04|2024-06-05:9.96,2024-06-05,none,"Pay ZAR 10190.04 today, and the rest later. This protects the ZAR 27200.00 minimum."
request_173,83094.73,affordable_with_plan,installments,2025-11-07:8286.67|2025-12-07:8286.67|2026-01-06:8286.67|2026-02-05:8286.67|2026-03-07:8286.67|2026-04-06:8286.67|2026-05-06:8286.67|2026-06-05:8286.67|2026-07-05:8286.67|2026-08-04:8286.67|2026-09-03:8286.67|2026-10-03:8286.67|2026-11-02:8286.67|2026-12-02:8286.67|2027-01-01:8286.67,,none,"Use 15 installments of INR 8286.67, starting today. This leaves at least INR 129143.85 available."
request_174,1145.08,affordable_with_plan,installments,2026-04-04:397.35|2026-05-04:397.35|2026-06-03:397.35,2026-04-04,none,"Use 3 installments of EUR 397.35, starting 04 April 2026. This leaves at least EUR 2073.99 available."
request_175,0.0,not_affordable,not_recommended,none,,none,Do not make this payment. None of the available options keeps the EUR 1700.00 minimum protected.
request_176,686.44,affordable_with_plan,installments,2025-02-17:90.91|2025-03-19:90.91|2025-04-18:90.91|2025-05-18:90.91|2025-06-17:90.91|2025-07-17:90.91|2025-08-16:90.91|2025-09-15:90.91|2025-10-15:90.91|2025-11-14:90.91|2025-12-14:90.91|2026-01-13:90.91|2026-02-12:90.91|2026-03-14:90.91|2026-04-13:90.91,,none,"Use 15 installments of EUR 90.91, starting today. This leaves at least EUR 1014.22 available."
request_177,0.0,not_affordable,not_recommended,none,,none,Do not make this payment. None of the available options keeps the USD 1300.00 minimum protected.
request_178,2935.23,affordable_with_plan,installments,2024-12-07:1018.54|2025-01-07:1018.54|2025-02-07:1018.54,2024-12-07,none,"Use 3 installments of EUR 1018.54, starting 07 December 2024. This leaves at least EUR 4903.68 available."
request_179,37946859.38,affordable_with_plan,installments,2025-05-11:3054186.67|2025-06-10:3054186.67|2025-07-10:3054186.67|2025-08-09:3054186.67|2025-09-08:3054186.67|2025-10-08:3054186.67|2025-11-07:3054186.67|2025-12-07:3054186.67|2026-01-06:3054186.67|2026-02-05:3054186.67|2026-03-07:3054186.67|2026-04-06:3054186.67|2026-05-06:3054186.67|2026-06-05:3054186.67|2026-07-05:3054186.67,,none,"Use 15 installments of IDR 3054186.67, starting today. This leaves at least IDR 70225489.99 available."
request_180,66435.06,affordable_with_plan,installments,2026-07-20:4211.67|2026-08-20:4211.67|2026-09-20:4211.67|2026-10-21:4211.67|2026-11-21:4211.67|2026-12-22:4211.67|2027-01-22:4211.67|2027-02-22:4211.67|2027-03-25:4211.67|2027-04-25:4211.67|2027-05-26:4211.67|2027-06-26:4211.67|2027-07-27:4211.67|2027-08-27:4211.67|2027-09-27:4211.67|2027-10-28:4211.67|2027-11-28:4211.67|2027-12-29:4211.67,2026-07-06,none,"Use 18 installments of INR 4211.67, starting 06 July 2026. This leaves at least INR 120054.99 available."
request_181,1136.34,affordable_with_plan,installments,2024-03-03:284.28|2024-03-31:284.28|2024-04-28:284.28|2024-05-26:284.28|2024-06-23:284.28|2024-07-21:284.28|2024-08-18:284.28|2024-09-15:284.28|2024-10-13:284.28|2024-11-10:284.28|2024-12-08:284.28|2025-01-05:284.28|2025-02-02:284.28|2025-03-02:284.28|2025-03-30:284.28|2025-04-27:284.28|2025-05-25:284.28|2025-06-22:284.28|2025-07-20:284.28|2025-08-17:284.28|2025-09-14:284.28,,none,"Use 21 installments of USD 284.28, starting today. This leaves at least USD 2003.88 available."
request_182,0.0,not_affordable,not_recommended,none,,none,Do not make this payment. None of the available options keeps the ZAR 31100.00 minimum protected.
request_183,26839763.67,affordable_with_plan,installments,2026-04-14:1701513.33|2026-05-15:1701513.33|2026-06-15:1701513.33|2026-07-16:1701513.33|2026-08-16:1701513.33|2026-09-16:1701513.33|2026-10-17:1701513.33|2026-11-17:1701513.33|2026-12-18:1701513.33|2027-01-18:1701513.33|2027-02-18:1701513.33|2027-03-21:1701513.33|2027-04-21:1701513.33|2027-05-22:1701513.33|2027-06-22:1701513.33|2027-07-23:1701513.33|2027-08-23:1701513.33|2027-09-23:1701513.33,2026-04-07,none,"Use 18 installments of IDR 1701513.33, starting 07 April 2026. This leaves at least IDR 35721683.75 available."
request_184,47477.25,affordable_with_plan,installments,2024-06-18:14154.38|2024-07-16:14154.38|2024-08-13:14154.38|2024-09-10:14154.38|2024-10-08:14154.38|2024-11-05:14154.38|2024-12-03:14154.38|2024-12-31:14154.38|2025-01-28:14154.38|2025-02-25:14154.38|2025-03-25:14154.38|2025-04-22:14154.38|2025-05-20:14154.38|2025-06-17:14154.38|2025-07-15:14154.38|2025-08-12:14154.38|2025-09-09:14154.38|2025-10-07:14154.38|2025-11-04:14154.38|2025-12-02:14154.38|2025-12-30:14154.38,,none,"Use 21 installments of INR 14154.38, starting today. This leaves at least INR 115876.86 available."
request_185,0.0,not_affordable,not_recommended,none,,none,Do not make this payment. None of the available options keeps the EUR 1300.00 minimum protected.
request_186,22845.78,affordable_with_plan,installments,2026-01-06:1681.75|2026-02-06:1681.75|2026-03-09:1681.75|2026-04-09:1681.75|2026-05-10:1681.75|2026-06-10:1681.75|2026-07-11:1681.75|2026-08-11:1681.75|2026-09-11:1681.75|2026-10-12:1681.75|2026-11-12:1681.75|2026-12-13:1681.75|2027-01-13:1681.75|2027-02-13:1681.75|2027-03-16:1681.75|2027-04-16:1681.75|2027-05-17:1681.75|2027-06-17:1681.75,,none,"Use 18 installments of ZAR 1681.75, starting today. This leaves at least ZAR 39818.25 available."
request_187,67382.81,affordable_with_plan,installments,2024-09-12:10535.71|2024-10-10:10535.71|2024-11-07:10535.71|2024-12-05:10535.71|2025-01-02:10535.71|2025-01-30:10535.71|2025-02-27:10535.71|2025-03-27:10535.71|2025-04-24:10535.71|2025-05-22:10535.71|2025-06-19:10535.71|2025-07-17:10535.71|2025-08-14:10535.71|2025-09-11:10535.71|2025-10-09:10535.71|2025-11-06:10535.71|2025-12-04:10535.71|2026-01-01:10535.71|2026-01-29:10535.71|2026-02-26:10535.71|2026-03-26:10535.71,,none,"Use 21 installments of INR 10535.71, starting today. This leaves at least INR 164127.87 available."
request_188,584.72,affordable_with_plan,installments,2025-02-21:180.69|2025-03-23:180.69|2025-04-22:180.69|2025-05-22:180.69|2025-06-21:180.69|2025-07-21:180.69|2025-08-20:180.69|2025-09-19:180.69|2025-10-19:180.69|2025-11-18:180.69|2025-12-18:180.69|2026-01-17:180.69|2026-02-16:180.69|2026-03-18:180.69|2026-04-17:180.69,,none,"Use 15 installments of EUR 180.69, starting today. This leaves at least EUR 943.23 available."
request_189,487.92,affordable_with_plan,partial_payment,2026-07-04:487.92|2026-07-04:0.48,2026-07-04,none,"Pay EUR 487.92 today, and the rest later. This protects the EUR 400.00 minimum."
request_190,0.0,not_affordable,not_recommended,none,,none,Do not make this payment. None of the available options keeps the EUR 1600.00 minimum protected.
request_191,663.75,affordable_with_plan,installments,2025-05-10:48.72|2025-06-09:48.72|2025-07-09:48.72|2025-08-08:48.72|2025-09-07:48.72|2025-10-07:48.72|2025-11-06:48.72|2025-12-06:48.72|2026-01-05:48.72|2026-02-04:48.72|2026-03-06:48.72|2026-04-05:48.72|2026-05-05:48.72|2026-06-04:48.72|2026-07-04:48.72,2025-05-03,none,"Use 15 installments of EUR 48.72, starting 03 May 2025. This leaves at least EUR 1444.90 available."
request_192,383.62,affordable_with_plan,installments,2026-04-08:104.01|2026-05-08:104.01|2026-06-07:104.01|2026-07-07:104.01|2026-08-06:104.01|2026-09-05:104.01|2026-10-05:104.01|2026-11-04:104.01|2026-12-04:104.01|2027-01-03:104.01|2027-02-02:104.01|2027-03-04:104.01|2027-04-03:104.01|2027-05-03:104.01|2027-06-02:104.01|2027-07-02:104.01|2027-08-01:104.01|2027-08-31:104.01|2027-09-30:104.01|2027-10-30:104.01|2027-11-29:104.01|2027-12-29:104.01|2028-01-28:104.01|2028-02-27:104.01,,none,"Use 24 installments of USD 104.01, starting today. This leaves at least USD 1072.77 available."
request_193,310.15,affordable_with_plan,installments,2024-03-07:68.11|2024-04-04:68.11|2024-05-02:68.11|2024-05-30:68.11|2024-06-27:68.11|2024-07-25:68.11|2024-08-22:68.11|2024-09-19:68.11|2024-10-17:68.11|2024-11-14:68.11|2024-12-12:68.11|2025-01-09:68.11|2025-02-06:68.11|2025-03-06:68.11|2025-04-03:68.11|2025-05-01:68.11|2025-05-29:68.11|2025-06-26:68.11|2025-07-24:68.11|2025-08-21:68.11|2025-09-18:68.11,,none,"Use 21 installments of EUR 68.11, starting today. This leaves at least EUR 1038.18 available."
request_194,0.0,not_affordable,not_recommended,none,,none,Do not make this payment. None of the available options keeps the INR 113600.00 minimum protected.
request_195,1169.26,affordable_with_plan,installments,2026-01-13:74.13|2026-02-13:74.13|2026-03-16:74.13|2026-04-16:74.13|2026-05-17:74.13|2026-06-17:74.13|2026-07-18:74.13|2026-08-18:74.13|2026-09-18:74.13|2026-10-19:74.13|2026-11-19:74.13|2026-12-20:74.13|2027-01-20:74.13|2027-02-20:74.13|2027-03-23:74.13|2027-04-23:74.13|2027-05-24:74.13|2027-06-24:74.13,2026-01-06,none,"Use 18 installments of EUR 74.13, starting 06 January 2026. This leaves at least EUR 1788.79 available."
request_196,0.0,not_affordable,not_recommended,none,,none,Do not make this payment. None of the available options keeps the EUR 500.00 minimum protected.
request_197,50889254.88,affordable_with_plan,installments,2025-11-05:3735526.67|2025-12-05:3735526.67|2026-01-04:3735526.67|2026-02-03:3735526.67|2026-03-05:3735526.67|2026-04-04:3735526.67|2026-05-04:3735526.67|2026-06-03:3735526.67|2026-07-03:3735526.67|2026-08-02:3735526.67|2026-09-01:3735526.67|2026-10-01:3735526.67|2026-10-31:3735526.67|2026-11-30:3735526.67|2026-12-30:3735526.67,2025-11-05,none,"Use 15 installments of IDR 3735526.67, starting 05 November 2025. This leaves at least IDR 81139111.58 available."
request_198,0.0,not_affordable,not_recommended,none,,none,Do not make this payment. None of the available options keeps the INR 124300.00 minimum protected.
request_199,23650880.86,affordable_with_plan,installments,2024-09-07:8206986.67|2024-10-08:8206986.67|2024-11-08:8206986.67,2024-09-04,none,"Use 3 installments of IDR 8206986.67, starting 04 September 2024. This leaves at least IDR 112070858.93 available."
request_200,0.0,not_affordable,not_recommended,none,,none,Do not make this payment. None of the available options keeps the IDR 20114600.00 minimum protected.
request_201,23973565.43,affordable_with_plan,partial_payment,2026-04-03:23973565.43|2026-04-03:23434.57,2026-04-03,none,"Pay IDR 23973565.43 today, and the rest later. This protects the IDR 17304500.00 minimum."
request_202,0.0,not_affordable,not_recommended,none,,none,Do not make this payment. None of the available options keeps the INR 147800.00 minimum protected.
request_203,1440.69,affordable_with_plan,installments,2025-05-10:499.93|2025-06-07:499.93|2025-07-05:499.93,2025-05-07,none,"Use 3 installments of EUR 499.93, starting 07 May 2025. This leaves at least EUR 6730.59 available."
request_204,588.17,affordable_with_plan,installments,2026-01-18:33.86|2026-02-18:33.86|2026-03-21:33.86|2026-04-21:33.86|2026-05-22:33.86|2026-06-22:33.86|2026-07-23:33.86|2026-08-23:33.86|2026-09-23:33.86|2026-10-24:33.86|2026-11-24:33.86|2026-12-25:33.86|2027-01-25:33.86|2027-02-25:33.86|2027-03-28:33.86|2027-04-28:33.86|2027-05-29:33.86|2027-06-29:33.86,2026-01-04,none,"Use 18 installments of EUR 33.86, starting 04 January 2026. This leaves at least EUR 2447.70 available."
request_205,0.0,not_affordable,not_recommended,none,,none,Do not make this payment. None of the available options keeps the IDR 13994300.00 minimum protected.
request_206,1403.33,affordable_with_plan,partial_payment,2025-08-03:1403.33|2025-08-03:1.37,2025-08-03,none,"Pay EUR 1403.33 today, and the rest later. This protects the EUR 900.00 minimum."
request_207,11818.45,affordable_with_plan,installments,2026-07-12:680.23|2026-08-12:680.23|2026-09-12:680.23|2026-10-13:680.23|2026-11-13:680.23|2026-12-14:680.23|2027-01-14:680.23|2027-02-14:680.23|2027-03-17:680.23|2027-04-17:680.23|2027-05-18:680.23|2027-06-18:680.23|2027-07-19:680.23|2027-08-19:680.23|2027-09-19:680.23|2027-10-20:680.23|2027-11-20:680.23|2027-12-21:680.23,2026-07-05,none,"Use 18 installments of ZAR 680.23, starting 05 July 2026. This leaves at least ZAR 24688.91 available."
request_208,0.0,not_affordable,not_recommended,none,,none,Do not make this payment. None of the available options keeps the IDR 10470700.00 minimum protected.
request_209,0.0,not_affordable,not_recommended,none,,none,Do not make this payment. None of the available options keeps the ZAR 18400.00 minimum protected.
request_210,1358.69,affordable_with_plan,partial_payment,2026-04-06:1358.69|2026-04-06:1.33,2026-04-06,none,"Pay USD 1358.69 today, and the rest later. This protects the USD 2000.00 minimum."
request_211,1226.17,affordable_with_plan,installments,2024-09-10:100.50|2024-10-08:100.50|2024-11-05:100.50|2024-12-03:100.50|2024-12-31:100.50|2025-01-28:100.50|2025-02-25:100.50|2025-03-25:100.50|2025-04-22:100.50|2025-05-20:100.50|2025-06-17:100.50|2025-07-15:100.50|2025-08-12:100.50|2025-09-09:100.50|2025-10-07:100.50|2025-11-04:100.50|2025-12-02:100.50|2025-12-30:100.50|2026-01-27:100.50|2026-02-24:100.50|2026-03-24:100.50,,none,"Use 21 installments of EUR 100.50, starting today. This leaves at least EUR 2426.39 available."
request_212,22338878.91,affordable_with_plan,installments,2025-02-19:5275160.00|2025-03-21:5275160.00|2025-04-20:5275160.00|2025-05-20:5275160.00|2025-06-19:5275160.00|2025-07-19:5275160.00|2025-08-18:5275160.00|2025-09-17:5275160.00|2025-10-17:5275160.00|2025-11-16:5275160.00|2025-12-16:5275160.00|2026-01-15:5275160.00|2026-02-14:5275160.00|2026-03-16:5275160.00|2026-04-15:5275160.00,,none,"Use 15 installments of IDR 5275160.00, starting today. This leaves at least IDR 36098320.00 available."
request_213,3359.12,affordable_with_plan,installments,2026-01-21:1165.63|2026-02-20:1165.63|2026-03-22:1165.63,2026-01-07,none,"Use 3 installments of USD 1165.63, starting 07 January 2026. This leaves at least USD 8555.05 available."
request_214,69681.88,affordable_with_plan,partial_payment,2024-12-04:69681.88|2024-12-04:68.12,2024-12-04,none,"Pay INR 69681.88 today, and the rest later. This protects the INR 174900.00 minimum."
request_215,29956.72,affordable_with_plan,installments,2025-05-09:10395.15|2025-06-06:10395.15|2025-07-04:10395.15,2025-05-06,none,"Use 3 installments of ZAR 10395.15, starting 06 May 2025. This leaves at least ZAR 62765.71 available."
request_216,0.0,not_affordable,not_recommended,none,,none,Do not make this payment. None of the available options keeps the USD 1800.00 minimum protected.
request_217,31588.48,affordable_with_plan,installments,2024-03-05:2089.16|2024-04-02:2089.16|2024-04-30:2089.16|2024-05-28:2089.16|2024-06-25:2089.16|2024-07-23:2089.16|2024-08-20:2089.16|2024-09-17:2089.16|2024-10-15:2089.16|2024-11-12:2089.16|2024-12-10:2089.16|2025-01-07:2089.16|2025-02-04:2089.16|2025-03-04:2089.16|2025-04-01:2089.16|2025-04-29:2089.16|2025-05-27:2089.16|2025-06-24:2089.16|2025-07-22:2089.16|2025-08-19:2089.16|2025-09-16:2089.16,,none,"Use 21 installments of ZAR 2089.16, starting today. This leaves at least ZAR 50045.33 available."
request_218,37915205.08,affordable_with_plan,installments,2025-08-10:4483746.67|2025-09-09:4483746.67|2025-10-09:4483746.67|2025-11-08:4483746.67|2025-12-08:4483746.67|2026-01-07:4483746.67|2026-02-06:4483746.67|2026-03-08:4483746.67|2026-04-07:4483746.67|2026-05-07:4483746.67|2026-06-06:4483746.67|2026-07-06:4483746.67|2026-08-05:4483746.67|2026-09-04:4483746.67|2026-10-04:4483746.67,,none,"Use 15 installments of IDR 4483746.67, starting today. This leaves at least IDR 58968374.79 available."
request_219,1671.47,affordable_with_plan,installments,2026-04-11:105.96|2026-05-12:105.96|2026-06-12:105.96|2026-07-13:105.96|2026-08-13:105.96|2026-09-13:105.96|2026-10-14:105.96|2026-11-14:105.96|2026-12-15:105.96|2027-01-15:105.96|2027-02-15:105.96|2027-03-18:105.96|2027-04-18:105.96|2027-05-19:105.96|2027-06-19:105.96|2027-07-20:105.96|2027-08-20:105.96|2027-09-20:105.96,2026-04-04,none,"Use 18 installments of EUR 105.96, starting 04 April 2026. This leaves at least EUR 2497.63 available."
request_220,0.0,not_affordable,not_recommended,none,,none,Do not make this payment. None of the available options keeps the EUR 1100.00 minimum protected.
request_221,0.0,not_affordable,not_recommended,none,,none,Do not make this payment. None of the available options keeps the INR 81500.00 minimum protected.
request_222,0.0,not_affordable,not_recommended,none,,none,Do not make this payment. None of the available options keeps the ZAR 27300.00 minimum protected.
request_223,0.0,not_affordable,not_recommended,none,,none,Do not make this payment. None of the available options keeps the EUR 800.00 minimum protected.
request_224,10316915.04,affordable_with_plan,partial_payment,2025-02-04:10316915.04|2025-02-04:10084.96,2025-02-04,none,"Pay IDR 10316915.04 today, and the rest later. This protects the IDR 22187600.00 minimum."
request_225,18116815.43,affordable_with_plan,installments,2026-07-06:1397070.00|2026-08-06:1397070.00|2026-09-06:1397070.00|2026-10-07:1397070.00|2026-11-07:1397070.00|2026-12-08:1397070.00|2027-01-08:1397070.00|2027-02-08:1397070.00|2027-03-11:1397070.00|2027-04-11:1397070.00|2027-05-12:1397070.00|2027-06-12:1397070.00|2027-07-13:1397070.00|2027-08-13:1397070.00|2027-09-13:1397070.00|2027-10-14:1397070.00|2027-11-14:1397070.00|2027-12-15:1397070.00,,none,"Use 18 installments of IDR 1397070.00, starting today. This leaves at least IDR 31599949.60 available."
request_226,0.0,not_affordable,not_recommended,none,,none,Do not make this payment. None of the available options keeps the INR 209400.00 minimum protected.
request_227,0.0,not_affordable,not_recommended,none,,none,Do not make this payment. None of the available options keeps the INR 62900.00 minimum protected.
request_228,10513271.48,affordable_with_plan,installments,2026-04-10:3219122.50|2026-05-10:3219122.50|2026-06-09:3219122.50|2026-07-09:3219122.50|2026-08-08:3219122.50|2026-09-07:3219122.50|2026-10-07:3219122.50|2026-11-06:3219122.50|2026-12-06:3219122.50|2027-01-05:3219122.50|2027-02-04:3219122.50|2027-03-06:3219122.50|2027-04-05:3219122.50|2027-05-05:3219122.50|2027-06-04:3219122.50|2027-07-04:3219122.50|2027-08-03:3219122.50|2027-09-02:3219122.50|2027-10-02:3219122.50|2027-11-01:3219122.50|2027-12-01:3219122.50|2027-12-31:3219122.50|2028-01-30:3219122.50|2028-02-29:3219122.50,,none,"Use 24 installments of IDR 3219122.50, starting today. This leaves at least IDR 27091182.50 available."
request_229,726.12,affordable_with_plan,installments,2024-03-04:85.79|2024-04-01:85.79|2024-04-29:85.79|2024-05-27:85.79|2024-06-24:85.79|2024-07-22:85.79|2024-08-19:85.79|2024-09-16:85.79|2024-10-14:85.79|2024-11-11:85.79|2024-12-09:85.79|2025-01-06:85.79|2025-02-03:85.79|2025-03-03:85.79|2025-03-31:85.79|2025-04-28:85.79|2025-05-26:85.79|2025-06-23:85.79|2025-07-21:85.79|2025-08-18:85.79|2025-09-15:85.79,,none,"Use 21 installments of EUR 85.79, starting today. This leaves at least EUR 1384.36 available."
request_230,0.0,not_affordable,not_recommended,none,,none,Do not make this payment. None of the available options keeps the EUR 2000.00 minimum protected.
request_231,35671.13,affordable_with_plan,installments,2026-01-10:2261.38|2026-02-10:2261.38|2026-03-13:2261.38|2026-04-13:2261.38|2026-05-14:2261.38|2026-06-14:2261.38|2026-07-15:2261.38|2026-08-15:2261.38|2026-09-15:2261.38|2026-10-16:2261.38|2026-11-16:2261.38|2026-12-17:2261.38|2027-01-17:2261.38|2027-02-17:2261.38|2027-03-20:2261.38|2027-04-20:2261.38|2027-05-21:2261.38|2027-06-21:2261.38,2026-01-03,none,"Use 18 installments of ZAR 2261.38, starting 03 January 2026. This leaves at least ZAR 77806.45 available."
request_232,1868.13,affordable_with_plan,installments,2024-06-19:110.70|2024-07-17:110.70|2024-08-14:110.70|2024-09-11:110.70|2024-10-09:110.70|2024-11-06:110.70|2024-12-04:110.70|2025-01-01:110.70|2025-01-29:110.70|2025-02-26:110.70|2025-03-26:110.70|2025-04-23:110.70|2025-05-21:110.70|2025-06-18:110.70|2025-07-16:110.70|2025-08-13:110.70|2025-09-10:110.70|2025-10-08:110.70|2025-11-05:110.70|2025-12-03:110.70|2025-12-31:110.70,,none,"Use 21 installments of EUR 110.70, starting today. This leaves at least EUR 3937.30 available."
request_233,6234905.27,affordable_with_plan,partial_payment,2025-11-07:6234905.27|2025-11-07:6094.73,2025-11-07,none,"Pay IDR 6234905.27 today, and the rest later. This protects the IDR 10365700.00 minimum."
request_234,0.0,not_affordable,not_recommended,none,,none,Do not make this payment. None of the available options keeps the EUR 700.00 minimum protected.
request_235,966.26,affordable_with_plan,installments,2024-09-13:54.35|2024-10-11:54.35|2024-11-08:54.35|2024-12-06:54.35|2025-01-03:54.35|2025-01-31:54.35|2025-02-28:54.35|2025-03-28:54.35|2025-04-25:54.35|2025-05-23:54.35|2025-06-20:54.35|2025-07-18:54.35|2025-08-15:54.35|2025-09-12:54.35|2025-10-10:54.35|2025-11-07:54.35|2025-12-05:54.35|2026-01-02:54.35|2026-01-30:54.35|2026-02-27:54.35|2026-03-27:54.35,2024-09-06,none,"Use 21 installments of USD 54.35, starting 06 September 2024. This leaves at least USD 1923.23 available."
request_236,0.0,not_affordable,not_recommended,none,,none,Do not make this payment. None of the available options keeps the IDR 16768600.00 minimum protected.
request_237,0.0,not_affordable,not_recommended,none,,none,Do not make this payment. None of the available options keeps the IDR 22431500.00 minimum protected.
request_238,662.95,affordable_with_plan,installments,2024-12-10:37.29|2025-01-07:37.29|2025-02-04:37.29|2025-03-04:37.29|2025-04-01:37.29|2025-04-29:37.29|2025-05-27:37.29|2025-06-24:37.29|2025-07-22:37.29|2025-08-19:37.29|2025-09-16:37.29|2025-10-14:37.29|2025-11-11:37.29|2025-12-09:37.29|2026-01-06:37.29|2026-02-03:37.29|2026-03-03:37.29|2026-03-31:37.29|2026-04-28:37.29|2026-05-26:37.29|2026-06-23:37.29,2024-12-07,none,"Use 21 installments of USD 37.29, starting 07 December 2024. This leaves at least USD 1732.91 available."
request_239,641.37,affordable_with_plan,installments,2025-05-11:47.08|2025-06-10:47.08|2025-07-10:47.08|2025-08-09:47.08|2025-09-08:47.08|2025-10-08:47.08|2025-11-07:47.08|2025-12-07:47.08|2026-01-06:47.08|2026-02-05:47.08|2026-03-07:47.08|2026-04-06:47.08|2026-05-06:47.08|2026-06-05:47.08|2026-07-05:47.08,2025-05-04,none,"Use 15 installments of USD 47.08, starting 04 May 2025. This leaves at least USD 1847.66 available."
request_240,0.0,not_affordable,not_recommended,none,,none,Do not make this payment. None of the available options keeps the INR 52800.00 minimum protected.
request_241,21031441.41,affordable_with_plan,installments,2024-03-17:7298026.67|2024-04-17:7298026.67|2024-05-18:7298026.67,2024-03-03,none,"Use 3 installments of IDR 7298026.67, starting 03 March 2024. This leaves at least IDR 66739242.13 available."
request_242,368.77,affordable_with_plan,installments,2025-08-19:99.98|2025-09-16:99.98|2025-10-14:99.98|2025-11-11:99.98|2025-12-09:99.98|2026-01-06:99.98|2026-02-03:99.98|2026-03-03:99.98|2026-03-31:99.98|2026-04-28:99.98|2026-05-26:99.98|2026-06-23:99.98|2026-07-21:99.98|2026-08-18:99.98|2026-09-15:99.98|2026-10-13:99.98|2026-11-10:99.98|2026-12-08:99.98|2027-01-05:99.98|2027-02-02:99.98|2027-03-02:99.98|2027-03-30:99.98|2027-04-27:99.98|2027-05-25:99.98,,none,"Use 24 installments of EUR 99.98, starting today. This leaves at least EUR 669.46 available."
request_243,0.0,not_affordable,not_recommended,none,,none,Do not make this payment. None of the available options keeps the ZAR 19900.00 minimum protected.
request_244,49869.25,affordable_with_plan,installments,2024-06-18:2804.92|2024-07-16:2804.92|2024-08-13:2804.92|2024-09-10:2804.92|2024-10-08:2804.92|2024-11-05:2804.92|2024-12-03:2804.92|2024-12-31:2804.92|2025-01-28:2804.92|2025-02-25:2804.92|2025-03-25:2804.92|2025-04-22:2804.92|2025-05-20:2804.92|2025-06-17:2804.92|2025-07-15:2804.92|2025-08-12:2804.92|2025-09-09:2804.92|2025-10-07:2804.92|2025-11-04:2804.92|2025-12-02:2804.92|2025-12-30:2804.92,2024-06-04,none,"Use 21 installments of ZAR 2804.92, starting 04 June 2024. This leaves at least ZAR 114346.64 available."
request_245,65755.86,affordable_with_plan,installments,2025-11-06:9423.33|2025-12-06:9423.33|2026-01-05:9423.33|2026-02-04:9423.33|2026-03-06:9423.33|2026-04-05:9423.33|2026-05-05:9423.33|2026-06-04:9423.33|2026-07-04:9423.33|2026-08-03:9423.33|2026-09-02:9423.33|2026-10-02:9423.33|2026-11-01:9423.33|2026-12-01:9423.33|2026-12-31:9423.33,,none,"Use 15 installments of INR 9423.33, starting today. This leaves at least INR 122666.68 available."
request_246,64023.42,affordable_with_plan,installments,2026-04-03:22216.48|2026-05-03:22216.48|2026-06-02:22216.48,2026-04-03,none,"Use 3 installments of ZAR 22216.48, starting 03 April 2026. This leaves at least ZAR 135042.62 available."
request_247,0.0,not_affordable,not_recommended,none,,none,Do not make this payment. None of the available options keeps the EUR 1300.00 minimum protected.
request_248,0.0,not_affordable,not_recommended,none,,none,Do not make this payment. None of the available options keeps the USD 1300.00 minimum protected.
request_249,342.33,affordable_with_plan,installments,2026-01-04:40.74|2026-02-04:40.74|2026-03-07:40.74|2026-04-07:40.74|2026-05-08:40.74|2026-06-08:40.74|2026-07-09:40.74|2026-08-09:40.74|2026-09-09:40.74|2026-10-10:40.74|2026-11-10:40.74|2026-12-11:40.74|2027-01-11:40.74|2027-02-11:40.74|2027-03-14:40.74|2027-04-14:40.74|2027-05-15:40.74|2027-06-15:40.74,,none,"Use 18 installments of USD 40.74, starting today. This leaves at least USD 820.18 available."
request_250,0.0,not_affordable,not_recommended,none,,none,Do not make this payment. None of the available options keeps the ZAR 35300.00 minimum protected.
request_251,1512.12,affordable_with_plan,installments,2025-05-10:111.00|2025-06-09:111.00|2025-07-09:111.00|2025-08-08:111.00|2025-09-07:111.00|2025-10-07:111.00|2025-11-06:111.00|2025-12-06:111.00|2026-01-05:111.00|2026-02-04:111.00|2026-03-06:111.00|2026-04-05:111.00|2026-05-05:111.00|2026-06-04:111.00|2026-07-04:111.00,2025-05-03,none,"Use 15 installments of EUR 111.00, starting 03 May 2025. This leaves at least EUR 4315.55 available."
request_252,0.0,not_affordable,not_recommended,none,,none,Do not make this payment. None of the available options keeps the IDR 15152200.00 minimum protected.
request_253,2141.24,affordable_with_plan,installments,2024-03-07:159.59|2024-04-04:159.59|2024-05-02:159.59|2024-05-30:159.59|2024-06-27:159.59|2024-07-25:159.59|2024-08-22:159.59|2024-09-19:159.59|2024-10-17:159.59|2024-11-14:159.59|2024-12-12:159.59|2025-01-09:159.59|2025-02-06:159.59|2025-03-06:159.59|2025-04-03:159.59|2025-05-01:159.59|2025-05-29:159.59|2025-06-26:159.59|2025-07-24:159.59|2025-08-21:159.59|2025-09-18:159.59,,none,"Use 21 installments of EUR 159.59, starting today. This leaves at least EUR 3805.21 available."
request_254,1757.24,affordable_with_plan,installments,2025-08-07:259.25|2025-09-06:259.25|2025-10-06:259.25|2025-11-05:259.25|2025-12-05:259.25|2026-01-04:259.25|2026-02-03:259.25|2026-03-05:259.25|2026-04-04:259.25|2026-05-04:259.25|2026-06-03:259.25|2026-07-03:259.25|2026-08-02:259.25|2026-09-01:259.25|2026-10-01:259.25,,none,"Use 15 installments of USD 259.25, starting today. This leaves at least USD 3481.85 available."
request_255,3341733.4,affordable_with_plan,partial_payment,2026-04-06:3341733.40|2026-04-06:3266.60,2026-04-06,none,"Pay IDR 3341733.40 today, and the rest later. This protects the IDR 9813900.00 minimum."
request_256,218486.43,affordable_with_plan,installments,2024-06-17:12288.86|2024-07-15:12288.86|2024-08-12:12288.86|2024-09-09:12288.86|2024-10-07:12288.86|2024-11-04:12288.86|2024-12-02:12288.86|2024-12-30:12288.86|2025-01-27:12288.86|2025-02-24:12288.86|2025-03-24:12288.86|2025-04-21:12288.86|2025-05-19:12288.86|2025-06-16:12288.86|2025-07-14:12288.86|2025-08-11:12288.86|2025-09-08:12288.86|2025-10-06:12288.86|2025-11-03:12288.86|2025-12-01:12288.86|2025-12-29:12288.86,2024-06-03,none,"Use 21 installments of INR 12288.86, starting 03 June 2024. This leaves at least INR 358116.70 available."
request_257,0.0,not_affordable,not_recommended,none,,none,Do not make this payment. None of the available options keeps the USD 1600.00 minimum protected.
request_258,1112.51,affordable_with_plan,partial_payment,2026-01-07:1112.51|2026-01-07:1.09,2026-01-07,none,"Pay USD 1112.51 today, and the rest later. This protects the USD 500.00 minimum."
request_259,0.0,not_affordable,not_recommended,none,,none,Do not make this payment. None of the available options keeps the EUR 600.00 minimum protected.
request_260,0.0,not_affordable,not_recommended,none,,none,Do not make this payment. None of the available options keeps the IDR 20727700.00 minimum protected.
request_261,0.0,not_affordable,not_recommended,none,,none,Do not make this payment. None of the available options keeps the EUR 1500.00 minimum protected.
request_262,9226980.47,affordable_with_plan,partial_payment,2024-12-05:9226980.47|2024-12-05:9019.53,2024-12-05,none,"Pay IDR 9226980.47 today, and the rest later. This protects the IDR 31018500.00 minimum."
request_263,0.0,not_affordable,not_recommended,none,,none,Do not make this payment. None of the available options keeps the ZAR 24100.00 minimum protected.
request_264,39781.05,affordable_with_plan,installments,2026-04-18:7049.00|2026-05-19:7049.00|2026-06-19:7049.00|2026-07-20:7049.00|2026-08-20:7049.00|2026-09-20:7049.00|2026-10-21:7049.00|2026-11-21:7049.00|2026-12-22:7049.00|2027-01-22:7049.00|2027-02-22:7049.00|2027-03-25:7049.00|2027-04-25:7049.00|2027-05-26:7049.00|2027-06-26:7049.00|2027-07-27:7049.00|2027-08-27:7049.00|2027-09-27:7049.00,,none,"Use 18 installments of INR 7049.00, starting today. This leaves at least INR 78148.00 available."
request_265,45925.11,affordable_with_plan,partial_payment,2024-03-06:45925.11|2024-03-06:44.89,2024-03-06,none,"Pay INR 45925.11 today, and the rest later. This protects the INR 189700.00 minimum."
request_266,934.09,affordable_with_plan,installments,2025-08-06:68.57|2025-09-05:68.57|2025-10-05:68.57|2025-11-04:68.57|2025-12-04:68.57|2026-01-03:68.57|2026-02-02:68.57|2026-03-04:68.57|2026-04-03:68.57|2026-05-03:68.57|2026-06-02:68.57|2026-07-02:68.57|2026-08-01:68.57|2026-08-31:68.57|2026-09-30:68.57,2025-08-03,none,"Use 15 installments of EUR 68.57, starting 03 August 2025. This leaves at least EUR 2149.21 available."
request_267,1923.12,affordable_with_plan,installments,2026-01-12:121.92|2026-02-12:121.92|2026-03-15:121.92|2026-04-15:121.92|2026-05-16:121.92|2026-06-16:121.92|2026-07-17:121.92|2026-08-17:121.92|2026-09-17:121.92|2026-10-18:121.92|2026-11-18:121.92|2026-12-19:121.92|2027-01-19:121.92|2027-02-19:121.92|2027-03-22:121.92|2027-04-22:121.92|2027-05-23:121.92|2027-06-23:121.92,2026-01-05,none,"Use 18 installments of EUR 121.92, starting 05 January 2026. This leaves at least EUR 3283.22 available."
request_268,1511.89,affordable_with_plan,installments,2024-06-21:136.35|2024-07-19:136.35|2024-08-16:136.35|2024-09-13:136.35|2024-10-11:136.35|2024-11-08:136.35|2024-12-06:136.35|2025-01-03:136.35|2025-01-31:136.35|2025-02-28:136.35|2025-03-28:136.35|2025-04-25:136.35|2025-05-23:136.35|2025-06-20:136.35|2025-07-18:136.35|2025-08-15:136.35|2025-09-12:136.35|2025-10-10:136.35|2025-11-07:136.35|2025-12-05:136.35|2026-01-02:136.35,,none,"Use 21 installments of EUR 136.35, starting today. This leaves at least EUR 2503.47 available."
request_269,15474.87,affordable_with_plan,installments,2025-11-04:1068.81|2025-12-04:1068.81|2026-01-03:1068.81|2026-02-02:1068.81|2026-03-04:1068.81|2026-04-03:1068.81|2026-05-03:1068.81|2026-06-02:1068.81|2026-07-02:1068.81|2026-08-01:1068.81|2026-08-31:1068.81|2026-09-30:1068.81|2026-10-30:1068.81|2026-11-29:1068.81|2026-12-29:1068.81,2025-11-04,none,"Use 15 installments of ZAR 1068.81, starting 04 November 2025. This leaves at least ZAR 41032.66 available."
request_270,535.36,affordable_with_plan,installments,2026-07-20:153.96|2026-08-19:153.96|2026-09-18:153.96|2026-10-18:153.96|2026-11-17:153.96|2026-12-17:153.96|2027-01-16:153.96|2027-02-15:153.96|2027-03-17:153.96|2027-04-16:153.96|2027-05-16:153.96|2027-06-15:153.96|2027-07-15:153.96|2027-08-14:153.96|2027-09-13:153.96|2027-10-13:153.96|2027-11-12:153.96|2027-12-12:153.96|2028-01-11:153.96|2028-02-10:153.96|2028-03-11:153.96|2028-04-10:153.96|2028-05-10:153.96|2028-06-09:153.96,,none,"Use 24 installments of USD 153.96, starting today. This leaves at least USD 1473.52 available."
request_271,0.0,not_affordable,not_recommended,none,,none,Do not make this payment. None of the available options keeps the INR 58200.00 minimum protected.
request_272,8809023.44,affordable_with_plan,installments,2025-02-19:996233.33|2025-03-21:996233.33|2025-04-20:996233.33|2025-05-20:996233.33|2025-06-19:996233.33|2025-07-19:996233.33|2025-08-18:996233.33|2025-09-17:996233.33|2025-10-17:996233.33|2025-11-16:996233.33|2025-12-16:996233.33|2026-01-15:996233.33|2026-02-14:996233.33|2026-03-16:996233.33|2026-04-15:996233.33,,none,"Use 15 installments of IDR 996233.33, starting today. This leaves at least IDR 13335824.01 available."
request_273,0.0,not_affordable,not_recommended,none,,none,Do not make this payment. None of the available options keeps the IDR 18774600.00 minimum protected.
request_274,2711.05,affordable_with_plan,installments,2024-12-07:152.48|2025-01-04:152.48|2025-02-01:152.48|2025-03-01:152.48|2025-03-29:152.48|2025-04-26:152.48|2025-05-24:152.48|2025-06-21:152.48|2025-07-19:152.48|2025-08-16:152.48|2025-09-13:152.48|2025-10-11:152.48|2025-11-08:152.48|2025-12-06:152.48|2026-01-03:152.48|2026-01-31:152.48|2026-02-28:152.48|2026-03-28:152.48|2026-04-25:152.48|2026-05-23:152.48|2026-06-20:152.48,2024-12-04,none,"Use 21 installments of EUR 152.48, starting 04 December 2024. This leaves at least EUR 4237.39 available."
request_275,0.0,not_affordable,not_recommended,none,,none,Do not make this payment. None of the available options keeps the IDR 12760100.00 minimum protected.
